X,Y,SLR,TR,Slope,Elevation,y_original,y_ML,y_LR
-74.14620893,40.44055979,5.66031746031746,1.639,0.4955187,4.0,0.9144,0.8649035407748428,0.5655600000000001
-75.94620893,37.26055979,5.746031746031745,0.695,0.2637041,12.0,0.62,0.5796385688266107,0.5278
-76.30620893,35.04055979,5.590476190476189,0.0,0.048969,-6.0,0.61,0.5884752511890011,0.5
-70.06620893,41.28055979,5.571428571428571,1.154,0.1958751,12.0,0.434,0.5643752837413577,0.54616
-75.94620893,35.10055979,5.726984126984126,1.07422,0.5540033,-1.0,0.59,0.5710776442210195,0.5429688
-75.88620893,37.98055979,5.761904761904761,0.65576,0.0619414,0.0,0.41,0.4701633008369452,0.5262304
-76.48620893,38.34055979,5.79047619047619,0.47998,0.5112374,-11.0,0.465,0.4721053100355563,0.5191992
-74.575556,39.285833,6.180952380952381,1.30934,0.3729312,-2.0,0.3061,0.3812300327351283,0.5523736
-75.76620893,37.92055979,5.752380952380952,0.7639,0.0,-3.0,0.593,0.5632157896604458,0.530556
-76.33,36.94667,6.120634920634919,0.85374,1.287397,-17.0,0.36576,0.4171338165329299,0.5341496
-77.80620893,34.20055979,4.742857142857143,1.38593,0.2019034,-2.0,0.344424,0.3679179874519555,0.5554372
-70.66620893,43.08055979,4.285714285714286,2.87075,0.7617334,5.0,0.798,0.7475492725048362,0.61483
-73.96620893,40.38055979,5.666666666666667,1.5049,0.4206698,-9.0,0.40121,0.4600715325457209,0.560196
-74.14620893,40.68055979,5.552380952380952,1.71718,0.5892369,0.0,0.9144,0.876855531540481,0.5686872000000001
-76.46444,37.99611,5.707936507936507,0.47444,0.1710407,1.0,0.51816,0.4945849453730566,0.5189776
-77.08620893,38.34055979,5.24126984126984,0.461,0.3420784,43.0,0.54864,0.5144624327916489,0.51844
-70.72620893,43.08055979,4.285714285714286,2.87097,1.2092646,3.0,0.66101,0.6837751055207244,0.6148388
-76.42620893,35.40055979,5.304761904761904,0.15,0.0619414,-3.0,0.611,0.5846127929011202,0.506
-76.42620893,37.38055979,6.003174603174603,0.75608,0.9696907,9.0,0.616,0.5890814994403412,0.5302432
-71.411,41.5868,4.955555555555555,1.25862,1.0467204,-6.0,0.583127042,0.6415128665010972,0.5503448
-75.76620893,39.54055979,5.24126984126984,1.13582,0.3342789,11.0,0.689,0.6022860080466999,0.5454328
-74.68620893,39.12055979,6.155555555555555,1.36697,0.092912,-8.0,0.4466,0.4662612883419508,0.5546788
-75.52620893,39.54055979,5.247619047619047,1.86924,0.2019034,1.0,0.415,0.6551851598941797,0.5747696
-73.84620893,40.56055979,5.736507936507936,1.55067,0.1385049,-7.0,0.50942,0.4646221880069981,0.5620268
-74.4183,39.355,5.987301587301587,1.40213,1.0478648,-2.0,0.585216,0.6040536336076516,0.5560852000000001
-75.52620893,35.76055979,5.717460317460317,0.55668,0.305023,1.0,0.554,0.619737366821076,0.5222672
-73.737778,40.593056,5.78095238095238,1.4849,0.1958751,-8.0,0.3439,0.3650339187888527,0.559396
-74.08620893,40.56055979,5.628571428571428,1.56678,0.1094978,-3.0,0.55382,0.5725159720346933,0.5626712
-76.48620893,37.98055979,5.711111111111111,0.4769,0.3158371,8.0,0.44,0.4618849504136283,0.519076
-73.60620893,40.92055979,5.326984126984127,2.37924,0.2019034,-13.0,0.71687,0.7013749552529608,0.5951696
-76.30620893,36.96055979,6.136507936507936,0.83688,0.0875983,-2.0,0.532,0.5075400889638725,0.5334752
-70.78620893,42.90055979,4.285714285714286,2.90654,0.5368593,-17.0,0.43388,0.4884138101271155,0.6162616
-74.02620893,40.02055979,5.869841269841269,1.3729,0.0979378,-19.0,0.32474,0.3476983010617375,0.554916
-77.02620893,38.88055979,5.238095238095238,0.9769,0.9403237,4.0,0.315,0.3591259141575968,0.539076
-71.44620893,41.58055979,4.955555555555555,1.25314,0.6532992,9.0,0.583127042,0.6708134298630258,0.5501256
-70.24620893,43.62055979,4.285714285714286,2.943,0.658781,25.0,0.63904,0.6442435278920581,0.61772
-76.00620893,37.20055979,5.822222222222222,0.86044,0.0309707,8.0,0.476,0.5273384923161402,0.5344176
-74.765833,39.056944,6.1682539682539685,1.44295,0.278734,3.0,0.41633,0.4723345522165943,0.557718
-71.3267,41.505,5.263492063492064,1.17267,1.3506188,-6.0,0.655327969,0.683689569024331,0.5469068
-79.90620893,32.76055979,4.8,1.74249,0.1313973,-7.0,0.377,0.379161764385185,0.5696996
-75.068056,38.609722,5.85079365079365,0.9401,0.048969,1.0,0.34006,0.4032007644045803,0.537604
-70.72620893,42.24055979,5.215873015873015,2.94726,0.1983084,-23.0,0.53637,0.5571454898818662,0.6178904000000001
-76.00620893,38.22055979,5.853968253968254,0.73438,0.0,-3.0,0.560832,0.5362013402998701,0.5293752
-74.1417,40.6367,5.60952380952381,1.67324,0.5916732,-6.0,0.9144,0.8615213192280536,0.5669296
-74.80620893,39.06055979,6.1650793650793645,1.45928,0.305023,-3.0,0.41633,0.4259055220052797,0.5583712
-76.06620893,36.90055979,5.93015873015873,0.63743,0.2743989,5.0,0.494,0.5286972818055435,0.5254972
-74.74620893,39.06055979,6.155555555555555,1.40261,0.5292124,-1.0,0.41633,0.4852255034072963,0.5561043999999999
-74.08620893,39.96055979,5.704761904761905,0.23233,0.1313973,-1.0,0.3667,0.3771890902956739,0.5092932
-75.7275,37.9188,5.752380952380952,0.7785,0.1469066,1.0,0.593,0.569717840586492,0.53114
-74.80620893,40.14055979,5.495238095238094,2.488,0.8208132,5.0,0.569,0.5963600221548823,0.59952
-71.32620893,41.46055979,5.263492063492064,1.0592,1.0533402,2.0,0.655327969,0.7029725904010103,0.542368
-75.16620893,38.76055979,5.809523809523808,1.367,0.1402255,4.0,2.04216,1.7137953835353523,0.55468
-75.04620893,38.64055979,5.888888888888888,1.25297,0.0309707,-9.0,0.34006,0.3988243614291635,0.5501188
-75.04620893,38.34055979,5.895238095238096,1.17799,0.07896,-11.0,0.59436,0.525452683976751,0.5471196
-76.00620893,37.14055979,5.825396825396824,0.90826,0.1094978,-4.0,0.476,0.5343849942117844,0.5363304
-76.78620893,37.20055979,5.339682539682539,0.67944,0.3158371,-3.0,0.549,0.5478410125715107,0.5271776
-71.38620893,41.70055979,4.853968253968254,1.3493,0.5957117,17.0,1.194816,1.0796731628887302,0.553972
-74.02620893,40.50055979,5.707936507936507,1.57902,0.0619414,-5.0,0.44985,0.4529002568958877,0.5631608
-71.32620893,41.70055979,4.888888888888889,1.38537,0.1765596,-12.0,0.736,0.8143094280207676,0.5554148
-75.98844,37.16519,5.822222222222222,0.90139,0.845274,-5.0,0.6096,0.5610785291563516,0.5360556
-70.78620893,43.08055979,4.285714285714286,2.019,0.7971056,17.0,0.66101,0.7925419453042004,0.58076
-70.7117,43.0717,4.285714285714286,2.86421,0.8503637,-14.0,0.798,0.7810282871724897,0.6145684
-71.3433,41.7167,4.882539682539683,1.39872,0.2327945,-13.0,1.194816,1.027909890312379,0.5559488
-76.3017,36.7783,5.806349206349206,0.97576,0.1179327,-11.0,0.551,0.5479150285602238,0.5390304
-75.5883,39.5817,5.238095238095238,1.83173,0.5255753,-4.0,1.12776,0.9774927432,0.5732692
-73.974722,40.365556,5.676190476190476,1.18375,0.2637041,4.0,0.40121,0.4337207679162613,0.54735
-70.66620893,42.60055979,4.831746031746032,2.91562,0.6041046,-7.0,0.5882,0.5877004693665996,0.6166248
-73.78620893,40.80055979,5.479365079365079,2.3755,0.4556912,-19.0,0.6689,0.6698511125708294,0.59502
-76.48620893,37.20055979,6.006349206349206,0.789,0.1116663,24.0,0.588,0.5668905563946464,0.53156
-71.02620893,42.36055979,4.873015873015873,3.12489,1.163613,-10.0,0.68,0.6383223196985587,0.6249956
-76.24620893,39.18055979,5.393650793650793,0.523,0.3112485,8.0,0.538,0.5379042477272802,0.52092
-79.90620893,32.82055979,4.8,1.80291,0.9694435,-29.0,0.377,0.4645315282962961,0.5721164
-76.36620893,35.46055979,5.961904761904761,0.152,0.1579198,3.0,0.611,0.5826049599818118,0.50608
-75.14167,39.93333,5.625396825396825,2.04547,0.4020164,3.0,2.04216,1.7241397333333324,0.5818188
-75.10620893,38.70055979,5.86031746031746,1.352,0.3073724,9.0,0.59436,0.5938805450604968,0.55408
-73.885556,40.573611,5.746031746031745,1.71562,0.5346215,-9.0,0.50942,0.5408576031740167,0.5686248
-70.660556,42.610278,4.831746031746032,2.917,0.9170935,3.0,0.5882,0.5988128961506648,0.61668
-72.34620893,41.16055979,5.53015873015873,1.2029,0.5583144,-30.0,0.52375,0.6454569834697216,0.548116
-70.66620893,41.52055979,5.342857142857142,0.52486,1.8858635,-20.0,1.00516,1.0367261516125728,0.5209944
-72.10620893,41.34055979,5.276190476190476,0.929,0.8610095,40.0,0.932688,0.9554090809416828,0.53716
-75.41,39.81167,5.238095238095238,1.86973,0.9261968,-7.0,1.18872,1.1738563160888904,0.5747892
-75.10620893,38.34055979,5.796825396825397,0.417,0.2368789,3.0,0.59436,0.6432888097255332,0.51668
-75.10620893,38.64055979,5.85079365079365,0.60252,0.0902942,-1.0,0.59436,0.5565760614590465,0.5241008
-73.66620893,40.62055979,5.720634920634921,1.54634,0.048969,-2.0,0.29406,0.3362853601465206,0.5618536
-76.315,37.001944,6.136507936507936,0.84925,0.8254731,-9.0,0.522,0.5137876377591915,0.5339700000000001
-76.12620893,37.02055979,5.958730158730159,0.88061,0.0309707,-6.0,0.555,0.5440052332382396,0.5352244
-75.10620893,38.58055979,5.85079365079365,0.7823,0.2855333,1.0,0.59436,0.5960231659676517,0.531292
-72.28620893,41.16055979,5.53015873015873,1.06718,3.0487151,-19.0,0.52375,0.7262285217153357,0.5426872
-74.92620893,39.00055979,6.158730158730158,1.761,0.0309707,11.0,0.64008,0.6388665598609012,0.5704400000000001
-69.95108,41.68847,5.380952380952381,1.97434,1.0143909,6.0,0.892,0.8506631048065783,0.5789736
-70.72,42.199444,5.215873015873015,2.96883,0.2855333,6.0,0.53637,0.5774780923345648,0.6187532
-70.0967,41.285,5.571428571428571,1.09,0.9637397,-4.0,0.434,0.5295325563591196,0.5436
-76.36620893,36.96055979,6.11111111111111,0.87478,0.1332098,-6.0,0.36576,0.4465968381543132,0.5349912
-74.734167,39.110833,6.155555555555555,1.3822,0.0692525,3.0,0.4466,0.4835705374058498,0.555288
-74.86620893,40.08055979,5.523809523809524,2.39365,0.0656987,3.0,0.6858,0.6754877939177781,0.595746
-76.095583,36.906611,5.93015873015873,0.8779,0.3947942,-2.0,0.494,0.5478557173986378,0.535116
-76.08333,37.03333,5.958730158730159,0.91811,0.1313973,-13.0,0.569976,0.542336538936839,0.5367244
-75.70417,35.20864,5.695238095238095,0.17704,0.1883867,3.0,0.58,0.5885890607933286,0.5070816
-77.0634,34.6677,5.257142857142856,0.55738,1.0294027,1.0,0.54864,0.5468946919501961,0.5222952
-76.314444,35.018333,5.587301587301587,0.0,0.3135512,3.0,0.61,0.5969671387580308,0.5
-73.96620893,40.68055979,5.6,1.458,0.7458309,28.0,0.63524,0.6539040335246297,0.55832
-74.026111,40.185556,5.765079365079365,1.38689,0.1116663,5.0,0.41143,0.4023994152455168,0.5554756
-76.4254,37.3793,6.003174603174603,0.75599,0.9696907,9.0,0.616,0.5890814994403412,0.5302396
-74.02620893,40.44055979,5.711111111111111,1.58217,0.0218996,-5.0,0.44985,0.4720634850440357,0.5632868
-74.02620893,40.68055979,5.593650793650794,1.59575,0.941852,-10.0,0.63524,0.6378767119285118,0.56383
-76.29,37.6162,5.809523809523808,0.4189,0.667099,3.0,0.57912,0.5823459238908404,0.516756
-76.96620893,38.88055979,5.238095238095238,0.99653,1.2419194,10.0,0.315,0.351365571300454,0.5398612
-76.48620893,38.16055979,5.752380952380952,0.548,0.0437992,11.0,0.369,0.4211486470329021,0.52192
-76.48620893,39.00055979,5.641269841269841,0.45088,2.1115308,-3.0,0.351,0.4146092638688308,0.5180352
-75.74669,36.18331,5.685714285714285,1.124,0.5408638,-3.0,0.553,0.5711473306630539,0.54496
-76.30620893,34.98055979,5.590476190476189,0.0,0.0619414,3.0,0.61,0.5970028266937987,0.5
-76.245,39.21333,5.393650793650793,0.52847,0.8684944,4.0,0.538,0.5353499995181881,0.5211388
-76.00620893,35.10055979,5.726984126984126,0.33919,0.048969,-2.0,0.59,0.594625801917966,0.5135676
-74.044722,40.111667,5.809523809523808,1.34658,0.0875983,3.0,0.39078,0.4084815512950345,0.5538632
-76.42620893,38.34055979,5.736507936507936,0.4527,0.7129621,17.0,0.465,0.4959697255780372,0.518108
-73.7649,40.8103,5.473015873015873,2.3791,1.4888366,-3.0,0.6689,0.6852079044048611,0.595164
-74.96,38.96833,6.158730158730158,1.67281,0.4572671,0.0,0.64008,0.6064851689092385,0.5669124
-77.92620893,34.26055979,4.466666666666667,1.357,0.0437992,2.0,0.381,0.3968616837710439,0.55428
-76.66620893,34.68055979,5.222222222222222,1.26248,0.266418,-7.0,0.45720556,0.4536855108432125,0.5504992
-70.2467,43.6567,4.285714285714286,3.01856,1.2480789,1.0,0.63904,0.6468521697322911,0.6207424
-76.791453,37.220139,5.333333333333333,0.67054,0.5514005,-4.0,0.549,0.5448123903492885,0.5268216
-78.9183,33.655,4.86031746031746,1.70697,0.0309707,-10.0,0.35052,0.3628613119999997,0.5682788
-75.16620893,39.90055979,5.228571428571429,2.027,0.1667818,7.0,2.04216,1.847677589333332,0.58108
-75.76620893,36.18055979,5.685714285714285,0.0,0.1667818,1.0,0.553,0.5659165706627921,0.5
-70.90620893,41.58055979,5.342857142857142,1.19788,0.0437992,-7.0,0.61775,0.6382462773467021,0.5479152
-77.98620893,34.20055979,4.447619047619047,1.453,0.1765596,-1.0,0.25,0.3099741407179487,0.55812
-74.14620893,40.62055979,5.60952380952381,1.552,0.1116663,13.0,0.9144,0.8580563346670156,0.56208
-75.40620893,39.78055979,5.238095238095238,1.845,0.0656987,4.0,1.18872,1.1522886293333336,0.5738
-77.02620893,38.34055979,5.247619047619047,0.514,0.2286372,6.0,0.485,0.4973021887329557,0.52056
-70.00620893,41.70055979,5.380952380952381,2.0482,0.4252052,18.0,0.892,0.8431724017342143,0.581928
-76.57833,39.26667,5.238095238095238,0.51179,0.3941863,-9.0,0.48768,0.4713303974494497,0.5204716
-76.48620893,37.26055979,6.006349206349206,0.7967,0.2627932,8.0,0.588,0.5645018279770121,0.531868
-75.94620893,37.14055979,5.806349206349206,1.36983,0.4847564,4.0,0.476,0.6531917903333115,0.5547932
-79.925,32.7817,4.8,1.75828,1.3513283,-1.0,0.377,0.4137030749629627,0.5703312
-75.82620893,37.98055979,5.749206349206349,0.661,0.339969,4.0,0.41,0.4807075136863216,0.52644
-76.06620893,38.22055979,5.876190476190476,0.57653,0.1094978,-4.0,0.560832,0.5363601372005814,0.5230612
-71.14620893,41.70055979,5.04126984126984,1.456,1.2076781,35.0,0.674,0.7819266198847769,0.55824
-71.86620893,41.28055979,5.384126984126984,0.90133,0.631655,-36.0,0.61855,0.693180846145118,0.5360532
-74.8697,40.0817,5.346031746031746,2.38955,0.0619414,2.0,0.6858,0.6863825829971432,0.5955820000000001
-77.02167,38.87333,5.238095238095238,0.97699,0.2846923,-7.0,0.315,0.3520372425819174,0.5390796
-75.12,38.78169,5.895238095238096,1.43252,0.3830806,2.0,2.04216,1.5049308113074324,0.5573008
-76.3998,35.43518,5.33015873015873,0.15127,0.5710524,6.0,0.611,0.5938826893175906,0.5060508
-74.14620893,40.56055979,5.60952380952381,1.561,0.4379832,19.0,0.9144,0.8702997304391221,0.56244
-78.88620893,33.66055979,4.86031746031746,1.69716,0.0218996,-8.0,0.35052,0.363567445333333,0.5678864
-70.24620893,43.68055979,4.285714285714286,3.00859,0.6792085,-5.0,0.63904,0.6408519515370137,0.6203436
-73.60620893,40.62055979,5.707936507936507,1.44479,0.0656987,-2.0,0.29406,0.3274247760195364,0.5577916
-72.503056,40.850556,5.685714285714285,0.96678,0.339969,-1.0,0.52674,0.5745074995068441,0.5386712
-76.54620893,38.16055979,5.695238095238095,0.56682,0.5583144,-1.0,0.369,0.4332920421817726,0.5226728
-71.8583,41.3106,5.384126984126984,0.90545,0.7834546,8.0,0.61855,0.7250285182193742,0.536218
-75.70620893,35.22055979,5.695238095238095,0.18892,0.1548531,-2.0,0.58,0.5926888380085993,0.5075568
-75.88620893,37.32055979,5.746031746031745,1.40892,0.1276952,-5.0,0.62,0.621066340012714,0.5563568
-75.52620893,35.28055979,5.726984126984126,0.1936,0.159431,-2.0,0.872,0.7541470727556311,0.507744
-76.78620893,37.26055979,5.301587301587301,0.699,0.4020164,10.0,0.549,0.5514012195902226,0.52796
-75.10620893,38.76055979,5.895238095238096,1.352,0.0218996,-1.0,0.411,0.5299103436024678,0.55408
-76.47833,37.22667,6.003174603174603,0.78328,0.6170628,-13.0,0.54864,0.5358224584618337,0.5313312
-70.66620893,42.18055979,5.215873015873015,2.96005,0.3065913,-19.0,0.53637,0.5453961327390091,0.618402
-73.1817,41.1733,5.139682539682539,2.23576,0.3531157,3.0,1.69164,1.467377785512383,0.5894304
-74.08620893,39.72055979,5.898412698412698,1.18283,0.0692525,-10.0,0.30968,0.3790312893926703,0.5473132
-70.84620893,42.90055979,4.285714285714286,2.909,0.3722877,2.0,0.43388,0.4697241036929577,0.61636
-74.14620893,39.96055979,5.679365079365079,0.233,0.4466566,14.0,0.9144,0.8881757600000003,0.50932
-74.02620893,40.20055979,5.765079365079365,1.455,0.1667818,7.0,0.41143,0.4119417352455168,0.5582
-75.078528,38.690194,5.85079365079365,0.61631,0.3510727,3.0,0.38953,0.4550371377126341,0.5246524
-74.14620893,39.66055979,5.873015873015872,1.20597,0.266418,-10.0,0.9144,0.7356349938768642,0.5482388
-74.7517,40.1367,5.463492063492064,2.55823,0.0979378,3.0,0.569,0.5970941889615489,0.6023292
-77.92620893,34.20055979,4.473015873015872,1.449,0.4131934,8.0,0.381,0.4194860582010583,0.55796
-72.46620893,40.86055979,5.685714285714285,0.99951,0.0619414,-4.0,0.52674,0.5381554766464595,0.5399804
-70.72620893,41.52055979,5.342857142857142,1.24931,0.0902942,-11.0,1.00516,0.8240023770899741,0.5499724
-72.94620893,41.28055979,5.107936507936508,2.055,0.1179327,9.0,0.630936,0.785934216537673,0.5822
-76.45167,38.31667,5.803174603174603,0.45403,0.6365703,-9.0,0.56388,0.5163744872860442,0.5181612
-77.7867,34.2133,4.742857142857143,1.31098,0.2921744,-2.0,0.344424,0.3467477741186221,0.5524392
-74.1475,40.448611,5.66031746031746,1.65749,0.2646118,2.0,0.9144,0.903664609178419,0.5662996
-76.24620893,37.62055979,5.796825396825397,0.40361,0.2233317,-5.0,0.506,0.5382021298864283,0.5161444
-76.06620893,38.58055979,5.787301587301587,0.61739,0.1332098,-5.0,0.445,0.4851390381175812,0.5246956
-70.90620893,41.64055979,5.32063492063492,1.2194,0.3824542,3.0,0.61775,0.6671779559973011,0.548776
-75.94620893,37.32055979,5.746031746031745,0.695,0.07896,10.0,0.62,0.5905358205437825,0.5278
-77.9533,34.2267,4.447619047619047,1.42798,0.5981217,1.0,0.381,0.3952761547128428,0.5571192
-74.92620893,40.08055979,5.346031746031746,2.294,0.3292193,8.0,0.6858,0.7528411844126988,0.5917600000000001
-73.12620893,41.16055979,5.158730158730158,2.142,0.2189948,1.0,1.69164,1.5231094979027635,0.58568
-75.5218,35.2676,5.726984126984126,0.1949,0.1469066,4.0,0.872,0.8137716666903361,0.507796
-76.42620893,35.46055979,5.33015873015873,0.1522,0.1276952,3.0,0.611,0.5976275240443087,0.506088
-74.054444,40.040556,5.803174603174603,0.19342,0.1579198,-1.0,0.32474,0.3700040069094302,0.5077368
-75.033056,39.231667,6.016666666666667,1.9269,0.0437992,1.0,0.38958,0.4400620476577829,0.577076
-76.42620893,38.28055979,5.758730158730159,0.452,0.2327945,15.0,0.465,0.4915025111946429,0.51808
-74.14620893,39.78055979,5.711111111111111,0.29472,0.048969,-1.0,0.9144,0.8114913214067853,0.5117888
-74.92620893,38.94055979,6.155555555555555,1.637,0.2358644,5.0,0.64008,0.6172675921016018,0.56548
-72.08997,41.36139,5.104761904761904,0.93891,1.3603415,-1.0,0.932688,0.8859047800639916,0.5375564
-76.36620893,35.40055979,5.33015873015873,0.15,0.0218996,3.0,0.611,0.594731714069,0.506
-75.81,39.5267,5.2444444444444445,0.98183,0.2708809,4.0,0.57912,0.5642843131205004,0.5392732
-74.98620893,39.00055979,6.161904761904761,1.74319,0.0,-7.0,0.382,0.4464217713085769,0.5697276
-72.9083,41.2833,5.107936507936508,2.0511,3.0473826,-40.0,0.630936,0.7496131142778,0.582044
-75.58620893,35.82055979,5.726984126984126,0.18653,0.0979378,-4.0,0.554,0.6072709206837831,0.5074612
-76.30620893,36.78055979,5.806349206349206,0.9726,0.092912,-12.0,0.600456,0.5531809485602239,0.538904
-74.02620893,40.74055979,5.587301587301587,1.55083,1.2729836,22.0,0.63524,0.7232039001912963,0.5620332
-71.4012,41.8071,4.841269841269841,1.47572,1.7245493,9.0,1.194816,1.1256539538415773,0.5590288
-73.656111,40.608889,5.730158730158729,1.53474,0.1332098,0.0,0.29406,0.3232520103052507,0.5613896
-76.48156,38.98328,5.641269841269841,0.44167,0.6510935,5.0,0.48768,0.4911666848342934,0.5176668
-74.02620893,40.14055979,5.847619047619048,1.428,0.698696,7.0,0.39078,0.4073319937037034,0.55712
-77.98620893,34.26055979,4.434920634920634,1.357,0.1667818,0.0,0.25,0.2730144435327635,0.55428
-74.08620893,40.08055979,5.8,0.1711,0.3644768,5.0,0.39078,0.4134036081870045,0.506844
-76.42620893,37.98055979,5.726984126984126,0.46337,0.3335608,-2.0,0.44,0.4864171711990885,0.5185348
-70.910278,41.62,5.342857142857142,1.21105,0.4837662,-4.0,0.61775,0.6374409262318114,0.548442
-76.48620893,38.10055979,5.736507936507936,0.5273,0.482277,-15.0,0.369,0.4287772136469011,0.521092
-75.10620893,39.90055979,5.625396825396825,2.029,0.0309707,4.0,0.461,0.8820025319545741,0.58116
-74.02620893,40.08055979,5.815873015873016,1.39779,0.2855333,-13.0,0.39078,0.4261983763100078,0.5559116
-69.94620893,41.70055979,5.260317460317459,1.96684,0.4655813,2.0,0.892,0.8617873499880129,0.5786736
-71.1641,41.7043,4.946031746031746,1.455,1.2574522,13.0,0.674,0.7370388335970512,0.5582
-74.08620893,40.02055979,5.698412698412699,0.207,0.1751961,2.0,0.32474,0.3742112215126048,0.50828
-76.67,34.72,5.222222222222222,1.078,0.434686,-5.0,0.45720556,0.4530636582340367,0.54312
-71.38620893,41.58055979,4.955555555555555,1.25701,0.0692525,-9.0,0.583127042,0.6501459553173214,0.5502804
-75.16620893,39.96055979,5.206349206349206,2.087,0.2553892,20.0,2.04216,1.877221866666665,0.58348
-77.0367,38.32,5.247619047619047,0.5623,0.6820265,-5.0,0.54864,0.5120749671052548,0.522492
-71.38620893,41.82055979,4.841269841269841,1.49361,0.7931861,1.0,1.194816,1.1073049589504245,0.5597444
-71.08620893,42.36055979,4.841269841269841,3.134,0.374215,11.0,0.68,0.6169663851535296,0.62536
-74.02620893,40.38055979,5.66031746031746,1.19171,3.4176767,0.0,0.40121,0.4775071194250213,0.5476684
-74.08620893,40.14055979,5.844444444444444,1.428,0.240894,36.0,0.39078,0.4576455187904903,0.55712
-70.60620893,42.60055979,4.87936507936508,2.88217,0.440712,-28.0,0.5882,0.6409170574172365,0.6152868
-72.70620893,40.80055979,5.698412698412699,0.73904,0.3462586,4.0,0.5968,0.5835069853189296,0.5295616
-71.96,41.0483,5.647619047619048,0.76751,1.0729543,-14.0,2.19456,1.8738279240065003,0.5307004
-72.76620893,40.80055979,5.695238095238095,0.745,0.3611724,8.0,0.5968,0.585539804366549,0.5298
-74.38620893,39.36055979,5.987301587301587,1.37637,0.0309707,-6.0,0.585216,0.5304738265202465,0.5550548
-76.54620893,39.30055979,5.238095238095238,0.531,0.6660199,27.0,0.409,0.4347240024065666,0.52124
-74.98620893,39.24055979,6.156349206349206,1.333,0.092912,8.0,0.38958,0.4652502415696249,0.55332
-70.74169,43.08,4.285714285714286,2.69207,0.3767693,-3.0,0.66101,0.7078271794959546,0.6076828
-73.593333,40.905,5.336507936507936,2.36161,1.2436548,2.0,0.71687,0.7868066423782638,0.5944644
-73.72620893,40.62055979,5.78095238095238,1.888,0.0979378,10.0,0.3439,0.4655076736507937,0.57552
-75.82620893,39.54055979,5.25079365079365,0.848,0.5928876,15.0,0.57912,0.5846049675870757,0.53392
-72.10620893,41.40055979,5.104761904761904,0.963,0.7962028,14.0,0.932688,0.8903347393693023,0.53852
-75.57331,39.55831,5.238095238095238,1.77303,0.0979378,5.0,0.600456,0.681584514960684,0.5709212
-75.64620893,37.62055979,5.73968253968254,1.2405,0.1094978,1.0,0.756,0.6772170178131729,0.54962
-76.06620893,37.02055979,5.958730158730159,0.94531,0.1710407,-9.0,0.555,0.5489406048191918,0.5378124
-76.24620893,39.24055979,5.263492063492064,0.52184,0.1094978,-7.0,0.538,0.5324246872886912,0.5208736
-76.0383,38.22,5.92063492063492,0.63595,0.1313973,-1.0,0.560832,0.5375373669522153,0.525438
-77.02620893,38.28055979,5.247619047619047,0.514,0.6088486,25.0,0.485,0.5020748012165572,0.52056
-73.96620893,40.44055979,5.746031746031745,1.51573,0.0656987,-7.0,0.44985,0.4190155413383236,0.5606292
-75.88620893,37.26055979,5.746031746031745,0.768,0.0,0.0,0.62,0.5834040745252704,0.53072
-72.52620893,40.86055979,5.685714285714285,0.92975,0.4598814,5.0,0.52674,0.543912007985764,0.5371900000000001
-71.92620893,41.04055979,5.644444444444443,0.89661,0.8794659,19.0,2.19456,1.7585762474996305,0.5358644
-73.72620893,40.56055979,5.78095238095238,1.48806,0.1179327,-13.0,0.3439,0.3574264634839238,0.5595224
-72.7508,40.7881,5.695238095238095,0.74432,0.2065994,-3.0,0.5968,0.5726130825105079,0.5297728
-70.818611,42.900278,4.285714285714286,2.91892,0.3880557,3.0,0.43388,0.4917397185386086,0.6167568
-76.12620893,36.90055979,5.93015873015873,0.886,0.2156849,10.0,0.494,0.5299474191960607,0.53544
-74.14620893,40.50055979,5.666666666666667,1.64851,0.2496921,-10.0,0.9144,0.8530295253136703,0.5659404
-76.60620893,39.30055979,5.238095238095238,0.532,1.185244,26.0,0.48768,0.491043230107295,0.52128
-75.70620893,37.92055979,5.752380952380952,0.784,0.0437992,0.0,0.593,0.5688858198457513,0.53136
-76.0683,38.5733,5.787301587301587,0.61888,0.4717209,4.0,0.56388,0.5003407900183008,0.5247552
-73.90620893,40.56055979,5.746031746031745,1.64546,0.2327945,-2.0,0.50942,0.5344468362096073,0.5658183999999999
-74.873333,40.08,5.346031746031746,2.3824,0.0692525,1.0,0.6858,0.6783688496638098,0.595296
-75.8636,37.9783,5.761904761904761,0.65634,0.1276952,2.0,0.41,0.5343703609972696,0.5262536
-74.08620893,39.78055979,5.736507936507936,1.24982,0.2708809,-8.0,0.30968,0.4097005343060703,0.5499928
-72.28620893,41.10055979,5.501587301587302,0.92851,0.3158371,-12.0,0.52375,0.8436742426630585,0.5371404
-74.74620893,40.14055979,5.488888888888888,2.56614,0.1871095,7.0,0.569,0.6324734899326601,0.6026456
-74.44620893,39.36055979,5.987301587301587,1.3553,0.1983084,2.0,0.585216,0.5499939424307064,0.554212
-76.5,38.138333,5.73968253968254,0.5455,0.3624978,3.0,0.369,0.4411854684188954,0.52182
-74.62620893,39.30055979,6.180952380952381,1.33202,0.0656987,-1.0,0.3061,0.3944717293339217,0.5532808
-76.60620893,39.24055979,5.238095238095238,0.51392,1.0944082,15.0,0.48768,0.4648573305724115,0.5205568
-75.04620893,38.70055979,5.898412698412698,1.2926,0.048969,-12.0,0.38953,0.4212414983603804,0.551704
-75.987222,35.115278,5.726984126984126,0.32431,0.1751961,2.0,0.59,0.6289758822950763,0.5129724
-72.30666,41.136666,5.53968253968254,0.90881,0.6792085,3.0,0.52375,0.8607278009909763,0.5363524
-75.04620893,39.24055979,6.000793650793651,1.927,0.3135512,2.0,0.38958,0.6014925787433644,0.57708
-70.72620893,42.18055979,5.215873015873015,2.962,0.5748188,14.0,0.53637,0.6228722503096816,0.61848
-76.610556,36.056389,5.873015873015872,0.0,0.6384507,5.0,0.61,0.5462205036887965,0.5
-71.20620893,41.70055979,4.946031746031746,1.4323,0.0,-5.0,0.674,0.6974842009398331,0.557292
-75.70620893,36.18055979,5.685714285714285,1.12275,0.1116663,-17.0,0.553,0.5472880761562333,0.54491
-74.0094,40.4669,5.707936507936507,1.59231,0.4313637,-3.0,0.64008,0.4923154016697436,0.5636924
-72.04620893,41.34055979,5.371428571428571,0.929,0.3748552,9.0,0.932688,0.8117482907669415,0.53716
-71.0534,42.3548,4.853968253968254,3.13066,1.1971145,18.0,0.68,0.7092703344174763,0.6252264000000001
-78.94620893,33.66055979,4.86031746031746,1.706,0.0656987,1.0,0.35052,0.3732632794074071,0.56824
-75.52620893,35.82055979,5.717460317460317,1.06462,0.0218996,-11.0,0.554,0.6414050281032485,0.5425848
-74.0142,40.7006,5.593650793650794,1.55932,0.6746041,-7.0,0.63524,0.6355516699390938,0.5623728
-75.70620893,37.62055979,5.742857142857143,1.241,0.443424,8.0,0.756,0.6201528557741637,0.54964
-70.12620893,41.28055979,5.571428571428571,1.105,0.2496921,7.0,0.434,0.5811243215919608,0.5442
-71.32620893,41.52055979,5.263492063492064,1.20289,2.6367419,-10.0,0.655327969,0.7488914553174512,0.5481156
-76.30620893,37.62055979,5.809523809523808,0.42307,0.6365703,-4.0,0.506,0.5660082501810645,0.5169228
-76.24620893,36.78055979,5.7936507936507935,0.961,0.2846923,14.0,0.551,0.5421287093571912,0.53844
-75.58620893,39.60055979,5.238095238095238,1.82907,0.1402255,-2.0,1.12776,0.972392272177778,0.5731628
-71.86620893,41.34055979,5.380952380952381,0.9094,0.7229797,7.0,0.61855,0.7610536822827207,0.536376
-74.98620893,38.94055979,6.155555555555555,1.62803,0.0656987,-10.0,0.382,0.5003961399104601,0.5651212
-75.04620893,38.58055979,5.85079365079365,1.22382,0.1179327,-8.0,0.34006,0.4808994528297621,0.5489528
-70.6717,41.5233,5.342857142857142,0.67124,0.5126425,-18.0,1.00516,1.1481339362442065,0.5268496
-75.94620893,37.44055979,5.742857142857143,0.6886,0.0902942,4.0,0.436,0.5837691670659638,0.527544
-76.66620893,34.74055979,5.222222222222222,1.06795,0.7249666,-8.0,0.45720556,0.450682360456259,0.542718
-77.74620893,34.20055979,4.7365079365079366,1.36885,0.1094978,-15.0,0.344424,0.3461938609562289,0.554754
-76.54620893,39.24055979,5.238095238095238,0.5122,0.1548531,-9.0,0.409,0.4510990894113545,0.520488
-75.10620893,39.96055979,5.206349206349206,2.10414,0.1276952,-1.0,0.461,1.2798780617583838,0.5841656
-75.94620893,37.50055979,5.73968253968254,0.604,0.0979378,11.0,0.436,0.5671944996844834,0.52416
-75.923546,37.288969,5.746031746031745,1.5135,0.3880557,3.0,0.62,0.7879868642718173,0.56054
-76.30620893,37.02055979,6.136507936507936,0.85746,0.3255573,-1.0,0.522,0.4910479914464525,0.5342984
-74.56620893,39.30055979,6.177777777777778,1.32632,0.1094978,-4.0,0.3061,0.3867924926655456,0.5530528
-75.40620893,39.84055979,5.238095238095238,1.872,0.4782831,26.0,1.18872,1.2719738666666671,0.5748800000000001
-75.5483,35.795,5.717460317460317,0.35996,0.1970955,0.0,1.03632,0.6504438656762948,0.5143984
-75.935278,37.476389,5.73968253968254,0.63112,0.4166607,3.0,0.436,0.5625153400351619,0.5252448
-73.18620893,41.16055979,5.139682539682539,2.23184,0.5328246,3.0,1.69164,1.3900257156273257,0.5892736000000001
-71.44620893,41.82055979,4.841269841269841,1.501,0.3097039,16.0,0.659,1.0892289335495768,0.56004
-73.54620893,40.92055979,5.466666666666667,2.36393,0.2189948,-9.0,0.71687,0.7538348908443335,0.5945572
-75.68583,37.60778,5.742857142857143,0.498,0.2708809,-1.0,0.756,0.5748960617367536,0.51992
-75.10620893,38.82055979,5.901587301587301,1.44141,0.2189948,-10.0,0.411,0.8963649479964851,0.5576564
-74.74620893,39.12055979,6.155555555555555,1.38166,0.180588,-2.0,0.4466,0.4453767693431716,0.5552664
-75.58620893,39.54055979,5.238095238095238,1.857,0.2019034,-1.0,1.12776,0.7581997793904761,0.57428
-73.72620893,40.80055979,5.571428571428571,2.415,0.5368593,39.0,0.6689,0.7049364971430259,0.5966
-72.88620893,41.28055979,5.107936507936508,2.054,1.4671149,15.0,0.630936,0.8027644485420761,0.58216
-76.48620893,38.94055979,5.717460317460317,0.431,0.440712,8.0,0.48768,0.4673062905845684,0.51724
-71.98620893,41.04055979,5.688888888888888,0.771,1.1803812,23.0,2.19456,1.5476941333333327,0.53084
-76.60620893,36.06055979,5.873015873015872,0.138,0.0979378,7.0,0.61,0.5443387967039295,0.50552
-75.09167,38.32833,5.8,0.77278,0.1385049,-5.0,0.59436,0.5873605616444757,0.5309112
